--
-- Script was generated by Devart dbForge Studio 2019 for SQL Server, Version 5.7.31.0
-- Product home page: http://www.devart.com/dbforge/sql/studio
-- Script date 28/09/2019 05:29:05
-- Server version: 14.00.1000
--

SET DATEFORMAT ymd
SET ARITHABORT, ANSI_PADDING, ANSI_WARNINGS, CONCAT_NULL_YIELDS_NULL, QUOTED_IDENTIFIER, ANSI_NULLS, NOCOUNT ON
SET NUMERIC_ROUNDABORT, IMPLICIT_TRANSACTIONS, XACT_ABORT OFF
GO

SET IDENTITY_INSERT DotnetConfDemo.dbo.Customers ON
GO
INSERT DotnetConfDemo.dbo.Customers(Id, FirstName, LastName, Address, Phone, Email) VALUES (1, N'Abraham', N'Mckee', N'3C Abbey Road, Beauly, Middlesex SN6 7RF', N'(406) 755-5008', N'AbrahamAcevedo@example.com')
INSERT DotnetConfDemo.dbo.Customers(Id, FirstName, LastName, Address, Phone, Email) VALUES (2, N'Reinaldo', N'Eubanks', N'4 A-D Parliament Street, Bognor Regis, Tyrone WV37 3TE', N'(663) 616-5349', N'Jude_High169@example.com')
INSERT DotnetConfDemo.dbo.Customers(Id, FirstName, LastName, Address, Phone, Email) VALUES (3, N'Elijah', N'Hand', N'2-8 Riding House Street, Bacup, Kent L1 4RP', N'(458) 028-5842', N'Bauer@example.com')
INSERT DotnetConfDemo.dbo.Customers(Id, FirstName, LastName, Address, Phone, Email) VALUES (4, N'Tanner', N'Abney', N'35-57 Blackfriars Road, Cowes, Argyll CR90 4NF', N'(655) 375-4205', N'Alarcon@example.com')
INSERT DotnetConfDemo.dbo.Customers(Id, FirstName, LastName, Address, Phone, Email) VALUES (5, N'Jewel', N'Evans', N'4 Essex Road, Victoria Dock, Oxfordshire BR60 6BW', N'(565) 538-9497', N'gndd9978@example.com')
INSERT DotnetConfDemo.dbo.Customers(Id, FirstName, LastName, Address, Phone, Email) VALUES (6, N'Alfonso', N'Bowens', N'4 Crucifix Lane, Dudley, Kent CM3 3JJ', N'(784) 788-9149', N'Palmer_Lofton@example.com')
INSERT DotnetConfDemo.dbo.Customers(Id, FirstName, LastName, Address, Phone, Email) VALUES (7, N'Jason', N'Stanley', N'3 A-D Aberconway Road, Colchester, Selkirkshire SP31 1AP', N'(679) 148-5477', N'Abernathy@example.com')
INSERT DotnetConfDemo.dbo.Customers(Id, FirstName, LastName, Address, Phone, Email) VALUES (8, N'Rico', N'Handley', N'3-8 Stanhope Grove, Portstewart, Hampshire RM3 9UW', N'(164) 900-3291', N'Adaline_Abbott@example.com')
INSERT DotnetConfDemo.dbo.Customers(Id, FirstName, LastName, Address, Phone, Email) VALUES (9, N'Yasmine', N'Everett', N'3-7 Mapleton Road, Barnard Castle, Northumberland EH6 9RP', N'(347) 100-8979', N'Shayne_Britton589@example.com')
INSERT DotnetConfDemo.dbo.Customers(Id, FirstName, LastName, Address, Phone, Email) VALUES (10, N'Darcey', N'Lowry', N'3-7 Aberconway Road, Ashington, Renfrewshire IM33 9AZ', N'(794) 255-2699', N'mxwygtmf_ahjpwboxdy@example.com')
INSERT DotnetConfDemo.dbo.Customers(Id, FirstName, LastName, Address, Phone, Email) VALUES (11, N'Rodney', N'Wicks', N'31-47 Dorset Road, Galashiels, Berwickshire DT94 3AR', N'(353) 666-1179', N'Steve.A.Pape@nowhere.com')
INSERT DotnetConfDemo.dbo.Customers(Id, FirstName, LastName, Address, Phone, Email) VALUES (12, N'Latoya', N'Abraham', N'3-6 Crownfield Road, Frinton-on-Sea, Northamptonshire RG84 1VF', N'(448) 515-6566', N'Ivan.Southern98@example.com')
INSERT DotnetConfDemo.dbo.Customers(Id, FirstName, LastName, Address, Phone, Email) VALUES (13, N'Jesus', N'Pelletier', N'1-7 Arkley Road, London, Worcestershire RH19 6WN', N'(462) 746-5183', N'Darell_Centeno27@example.com')
INSERT DotnetConfDemo.dbo.Customers(Id, FirstName, LastName, Address, Phone, Email) VALUES (14, N'Olimpia', N'Bower', N'45-48 Coronet Street, Kirkwall, Cambridgeshire DE4 3DB', N'(728) 729-7860', N'Shanta.Beaver89@nowhere.com')
INSERT DotnetConfDemo.dbo.Customers(Id, FirstName, LastName, Address, Phone, Email) VALUES (15, N'Aurelia', N'Hutcheson', N'93B Hedge Hill, Milton Keynes, Wigtownshire WF82 5ZJ', N'(489) 185-2233', N'GregoryMurrell@example.com')
INSERT DotnetConfDemo.dbo.Customers(Id, FirstName, LastName, Address, Phone, Email) VALUES (16, N'Freeman', N'Stanton', N'45-17 Church Way, Northampton, Fife M9 5JN', N'(518) 483-2691', N'rfgxqoso9811@example.com')
INSERT DotnetConfDemo.dbo.Customers(Id, FirstName, LastName, Address, Phone, Email) VALUES (17, N'Brent', N'Handy', N'48 Falmer Road, Ballieston, Fife TS10 2WB', N'(748) 517-5014', N'Violette_Maxey368@example.com')
INSERT DotnetConfDemo.dbo.Customers(Id, FirstName, LastName, Address, Phone, Email) VALUES (18, N'Anglea', N'Everhart', N'9A Roseacre Close, Leeds, Kirkcudbrightshire E25 7RS', N'(576) 308-0954', N'Sanderson@example.com')
INSERT DotnetConfDemo.dbo.Customers(Id, FirstName, LastName, Address, Phone, Email) VALUES (19, N'Desirae', N'Abrams', N'35-36 Alfred Road, Sutton Coldfield, Isle of Wight SG97 9TE', N'(951) 961-4662', N'Dennis@example.com')
INSERT DotnetConfDemo.dbo.Customers(Id, FirstName, LastName, Address, Phone, Email) VALUES (20, N'Cleo', N'Bowers', N'3-7 Martin''s Road, Sheffield, Angus PO98 8QH', N'(644) 897-9118', N'Shifflett@example.com')
GO
SET IDENTITY_INSERT DotnetConfDemo.dbo.Customers OFF
GO

SET IDENTITY_INSERT DotnetConfDemo.dbo.Orders ON
GO
INSERT DotnetConfDemo.dbo.Orders(Id, OrderPlace, OrderFulfilled, CustomerId) VALUES (1, '2019-08-16 12:31:17.9220000', '2019-05-16 00:00:01.0050000', 14)
INSERT DotnetConfDemo.dbo.Orders(Id, OrderPlace, OrderFulfilled, CustomerId) VALUES (2, '2019-08-18 07:26:30.5540000', '2019-03-10 00:00:01.4300000', 20)
INSERT DotnetConfDemo.dbo.Orders(Id, OrderPlace, OrderFulfilled, CustomerId) VALUES (3, '2019-04-21 02:12:48.4250000', '2019-07-23 00:00:01.2190000', 1)
INSERT DotnetConfDemo.dbo.Orders(Id, OrderPlace, OrderFulfilled, CustomerId) VALUES (4, '2019-01-18 08:12:42.0220000', '2019-09-25 00:00:01.3030000', 18)
INSERT DotnetConfDemo.dbo.Orders(Id, OrderPlace, OrderFulfilled, CustomerId) VALUES (5, '2019-05-13 00:07:58.6610000', '2019-07-01 00:00:01.5320000', 14)
INSERT DotnetConfDemo.dbo.Orders(Id, OrderPlace, OrderFulfilled, CustomerId) VALUES (6, '2019-05-18 18:54:23.8290000', '2019-05-12 00:00:01.1940000', 14)
INSERT DotnetConfDemo.dbo.Orders(Id, OrderPlace, OrderFulfilled, CustomerId) VALUES (7, '2019-03-24 19:11:24.4230000', '2019-07-28 00:00:01.5860000', 3)
INSERT DotnetConfDemo.dbo.Orders(Id, OrderPlace, OrderFulfilled, CustomerId) VALUES (8, '2019-05-16 07:26:08.5070000', '2019-05-04 00:00:01.6890000', 9)
INSERT DotnetConfDemo.dbo.Orders(Id, OrderPlace, OrderFulfilled, CustomerId) VALUES (9, '2019-01-29 02:36:17.2380000', '2019-08-20 00:00:01.5340000', 12)
INSERT DotnetConfDemo.dbo.Orders(Id, OrderPlace, OrderFulfilled, CustomerId) VALUES (10, '2019-02-05 12:36:50.7840000', '2019-04-13 00:00:01.6580000', 20)
INSERT DotnetConfDemo.dbo.Orders(Id, OrderPlace, OrderFulfilled, CustomerId) VALUES (11, '2019-05-25 09:54:40.4330000', '2019-04-22 00:00:01.7460000', 8)
INSERT DotnetConfDemo.dbo.Orders(Id, OrderPlace, OrderFulfilled, CustomerId) VALUES (12, '2019-04-26 16:40:13.7320000', '2019-08-10 00:00:01.4430000', 4)
INSERT DotnetConfDemo.dbo.Orders(Id, OrderPlace, OrderFulfilled, CustomerId) VALUES (13, '2019-08-22 16:50:10.5280000', '2019-08-29 00:00:01.0080000', 1)
INSERT DotnetConfDemo.dbo.Orders(Id, OrderPlace, OrderFulfilled, CustomerId) VALUES (14, '2019-06-10 15:03:34.5100000', '2019-07-23 00:00:01.6930000', 17)
INSERT DotnetConfDemo.dbo.Orders(Id, OrderPlace, OrderFulfilled, CustomerId) VALUES (15, '2019-03-02 23:06:35.3350000', '2019-06-21 00:00:01.5260000', 19)
INSERT DotnetConfDemo.dbo.Orders(Id, OrderPlace, OrderFulfilled, CustomerId) VALUES (16, '2019-04-25 04:24:28.6420000', '2019-08-29 00:00:01.0070000', 13)
INSERT DotnetConfDemo.dbo.Orders(Id, OrderPlace, OrderFulfilled, CustomerId) VALUES (17, '2019-09-27 16:51:37.3500000', '2019-06-26 00:00:01.2000000', 6)
INSERT DotnetConfDemo.dbo.Orders(Id, OrderPlace, OrderFulfilled, CustomerId) VALUES (18, '2019-07-27 14:17:22.0890000', '2019-04-05 00:00:01.5480000', 8)
INSERT DotnetConfDemo.dbo.Orders(Id, OrderPlace, OrderFulfilled, CustomerId) VALUES (19, '2019-05-16 10:40:47.8960000', '2019-07-29 00:00:01.0990000', 3)
INSERT DotnetConfDemo.dbo.Orders(Id, OrderPlace, OrderFulfilled, CustomerId) VALUES (20, '2019-04-25 05:06:04.2450000', '2019-05-05 00:00:01.7810000', 13)
GO
SET IDENTITY_INSERT DotnetConfDemo.dbo.Orders OFF
GO

SET IDENTITY_INSERT DotnetConfDemo.dbo.ProductOrders ON
GO
INSERT DotnetConfDemo.dbo.ProductOrders(Quantity, ProductId, OrderId) VALUES (7, 17, 12)
INSERT DotnetConfDemo.dbo.ProductOrders(Quantity, ProductId, OrderId) VALUES (6, 18, 1)
INSERT DotnetConfDemo.dbo.ProductOrders(Quantity, ProductId, OrderId) VALUES (8, 7, 17)
INSERT DotnetConfDemo.dbo.ProductOrders(Quantity, ProductId, OrderId) VALUES (54, 5, 12)
INSERT DotnetConfDemo.dbo.ProductOrders(Quantity, ProductId, OrderId) VALUES (11, 11, 9)
INSERT DotnetConfDemo.dbo.ProductOrders(Quantity, ProductId, OrderId) VALUES (7, 18, 20)
INSERT DotnetConfDemo.dbo.ProductOrders(Quantity, ProductId, OrderId) VALUES (80, 1, 16)
INSERT DotnetConfDemo.dbo.ProductOrders(Quantity, ProductId, OrderId) VALUES (31, 3, 18)
INSERT DotnetConfDemo.dbo.ProductOrders(Quantity, ProductId, OrderId) VALUES (20, 2, 7)
INSERT DotnetConfDemo.dbo.ProductOrders(Quantity, ProductId, OrderId) VALUES ( 79, 1, 16)
INSERT DotnetConfDemo.dbo.ProductOrders(Quantity, ProductId, OrderId) VALUES ( 75, 14, 8)
INSERT DotnetConfDemo.dbo.ProductOrders(Quantity, ProductId, OrderId) VALUES ( 81, 17, 16)
INSERT DotnetConfDemo.dbo.ProductOrders(Quantity, ProductId, OrderId) VALUES ( 78, 8, 13)
INSERT DotnetConfDemo.dbo.ProductOrders(Quantity, ProductId, OrderId) VALUES ( 15, 1, 10)
INSERT DotnetConfDemo.dbo.ProductOrders(Quantity, ProductId, OrderId) VALUES ( 28, 2, 3)
INSERT DotnetConfDemo.dbo.ProductOrders(Quantity, ProductId, OrderId) VALUES ( 60, 13, 17)
INSERT DotnetConfDemo.dbo.ProductOrders(Quantity, ProductId, OrderId) VALUES ( 2, 5, 13)
INSERT DotnetConfDemo.dbo.ProductOrders(Quantity, ProductId, OrderId) VALUES ( 19, 4, 18)
INSERT DotnetConfDemo.dbo.ProductOrders(Quantity, ProductId, OrderId) VALUES ( 78, 3, 12)
INSERT DotnetConfDemo.dbo.ProductOrders(Quantity, ProductId, OrderId) VALUES ( 75, 3, 5)
GO
SET IDENTITY_INSERT DotnetConfDemo.dbo.ProductOrders OFF
GO

SET IDENTITY_INSERT DotnetConfDemo.dbo.Products ON
GO
INSERT DotnetConfDemo.dbo.Products(Id, Name, Price) VALUES (1, N'Venlatracose', 129.11)
INSERT DotnetConfDemo.dbo.Products(Id, Name, Price) VALUES (2, N'Acotaphane', 897.44)
INSERT DotnetConfDemo.dbo.Products(Id, Name, Price) VALUES (3, N'Xylobutamvant', 1946.75)
INSERT DotnetConfDemo.dbo.Products(Id, Name, Price) VALUES (4, N'Medifatex', 208.08)
INSERT DotnetConfDemo.dbo.Products(Id, Name, Price) VALUES (5, N'Alfinaxol', 719.16)
INSERT DotnetConfDemo.dbo.Products(Id, Name, Price) VALUES (6, N'Etothromytex', 1978.82)
INSERT DotnetConfDemo.dbo.Products(Id, Name, Price) VALUES (7, N'Lefusilnal', 566.32)
INSERT DotnetConfDemo.dbo.Products(Id, Name, Price) VALUES (8, N'Acafacept', 914.28)
INSERT DotnetConfDemo.dbo.Products(Id, Name, Price) VALUES (9, N'Virosoproban', 318.69)
INSERT DotnetConfDemo.dbo.Products(Id, Name, Price) VALUES (10, N'Ipronicin', 1302.94)
INSERT DotnetConfDemo.dbo.Products(Id, Name, Price) VALUES (11, N'Duranide', 138.26)
INSERT DotnetConfDemo.dbo.Products(Id, Name, Price) VALUES (12, N'Aproconpren', 1175.69)
INSERT DotnetConfDemo.dbo.Products(Id, Name, Price) VALUES (13, N'Mecozobid', 202.82)
INSERT DotnetConfDemo.dbo.Products(Id, Name, Price) VALUES (14, N'Hibisivir', 1918.49)
INSERT DotnetConfDemo.dbo.Products(Id, Name, Price) VALUES (15, N'Acypatriol', 1537.77)
INSERT DotnetConfDemo.dbo.Products(Id, Name, Price) VALUES (16, N'Acacarpambid', 376.12)
INSERT DotnetConfDemo.dbo.Products(Id, Name, Price) VALUES (17, N'Infatafast', 403.22)
INSERT DotnetConfDemo.dbo.Products(Id, Name, Price) VALUES (18, N'Medrotatex', 1744.79)
INSERT DotnetConfDemo.dbo.Products(Id, Name, Price) VALUES (19, N'Irihydrovase', 710.37)
INSERT DotnetConfDemo.dbo.Products(Id, Name, Price) VALUES (20, N'Gynolonmuc', 463.46)
GO
SET IDENTITY_INSERT DotnetConfDemo.dbo.Products OFF
GO